{
    "args": {
        "bandwidth": 16000,
        "batch_size": 32,
        "dataset": "sourcefolder",
        "epochs": 200,
        "ext": ".wav",
        "hidden_size": 512,
        "interferer_dirs": [
            "audio"
        ],
        "lr": 0.001,
        "lr_decay_gamma": 0.3,
        "lr_decay_patience": 80,
        "model": null,
        "nb_channels": 1,
        "nb_train_samples": 21000,
        "nb_valid_samples": 100,
        "nb_workers": 3,
        "nfft": 512,
        "nhop": 160,
        "no_cuda": false,
        "output": "result_output",
        "patience": 140,
        "quiet": false,
        "root": "./data",
        "seed": 42,
        "seq_dur": 5.0,
        "source_augmentations": [
            "gain",
            "channelswap"
        ],
        "target": "podcast",
        "target_dir": "podcast",
        "unidirectional": false,
        "weight_decay": 1e-05
    },
    "best_epoch": 193,
    "best_loss": 0.049157874061493204,
    "commit": "ba8e9f1",
    "epochs_trained": 200,
    "num_bad_epochs": 7,
    "train_loss_history": [
        0.3444144512500082,
        0.19302045220704306,
        0.16026978611378442,
        0.14516663303829375,
        0.14543385835488637,
        0.14795147077242535,
        0.1290851697070258,
        0.11540721312307176,
        0.11004626945654551,
        0.11021793828691755,
        0.12024023170130593,
        0.1147492183957781,
        0.11347806004683177,
        0.10969300928569975,
        0.10208731762568156,
        0.10088760020903179,
        0.09810536820689837,
        0.10012264770978974,
        0.09239562738509405,
        0.10438435161113739,
        0.09440416418938409,
        0.09007979291961307,
        0.10228557778540112,
        0.0974410941316968,
        0.08867022426923116,
        0.08572576257728395,
        0.08806537384930112,
        0.10046760070607776,
        0.0875209207875388,
        0.08186789542152768,
        0.08751722629013516,
        0.08302058105844827,
        0.07963823871669315,
        0.08278435689991429,
        0.08449695990341051,
        0.08389766188391617,
        0.08101216116121837,
        0.07630319044845445,
        0.08103328065077464,
        0.08727082980246771,
        0.08422357784850257,
        0.07720524029504686,
        0.07198124218838556,
        0.07978684912692934,
        0.082691568645693,
        0.0754497135820843,
        0.07560896512440272,
        0.07049251180319559,
        0.0716406408349673,
        0.07601131849061875,
        0.08067269769310952,
        0.07381105052005676,
        0.07148889740095252,
        0.06979337654227302,
        0.0701548333125455,
        0.07963842522956076,
        0.06858421556296802,
        0.07681979059605372,
        0.07281193143980844,
        0.06786684433477265,
        0.07559469008729572,
        0.06738168467794146,
        0.06751728774820055,
        0.06936649244172233,
        0.0731964955500194,
        0.06762350889827524,
        0.07168798065469378,
        0.06756117384774345,
        0.06583627775950092,
        0.06711428899566332,
        0.06395851650124504,
        0.06856039787190302,
        0.06438846671794142,
        0.06534136122536091,
        0.06853942251489276,
        0.07019486539136796,
        0.06507016526801246,
        0.06376816530454726,
        0.0651817525114332,
        0.0725490288904735,
        0.06679170390537807,
        0.06558858992656072,
        0.06767015483549663,
        0.06545934089734441,
        0.06419917395427113,
        0.0640401878342742,
        0.06564571614492508,
        0.06136908078761328,
        0.0684401327314831,
        0.06576765807221333,
        0.0617549826162202,
        0.06418340277813729,
        0.06783901980945042,
        0.06176026483092989,
        0.05812053434054057,
        0.06216679265385582,
        0.060065773130882356,
        0.06950468290987469,
        0.06157439491294679,
        0.06271733827250345,
        0.06157676276138851,
        0.05993740111163684,
        0.059422087853863124,
        0.06109032175370625,
        0.06277097548189617,
        0.062308666422253564,
        0.06070349578346525,
        0.06530812339236339,
        0.06488543424152192,
        0.058764862622533526,
        0.07901044625895363,
        0.06501647219061851,
        0.06206148340588524,
        0.0590024011418933,
        0.06395542380781401,
        0.05966384146610896,
        0.06362934374525434,
        0.060592647094102135,
        0.05719387148391633,
        0.06688490958015124,
        0.06711489885193961,
        0.0639527671734492,
        0.06129424902370998,
        0.06321217952313878,
        0.060091021559068133,
        0.062369141577964735,
        0.057096842931140035,
        0.05866048511720839,
        0.06041833265338625,
        0.05958910315519288,
        0.05978708124586514,
        0.06165426789720853,
        0.05651436807570003,
        0.06336373265442394,
        0.05927479680804979,
        0.05645794888018143,
        0.05861068087993633,
        0.06263510226919537,
        0.061121560959588914,
        0.05819578110887891,
        0.06352448260500318,
        0.06103026398306801,
        0.06297259252270063,
        0.05743797063685599,
        0.06869165629999978,
        0.06807905366023381,
        0.06042561691715604,
        0.05922277595031829,
        0.05734741002746991,
        0.05637559075014932,
        0.056913233217738925,
        0.06065516801391329,
        0.061714302508603956,
        0.07233670337569145,
        0.06543157434250627,
        0.06203834899834224,
        0.05846719399094582,
        0.0616840150923956,
        0.056893751098996116,
        0.05579573179923353,
        0.05685967034952981,
        0.05926193158115659,
        0.06607496907384623,
        0.058945685585339865,
        0.05820830935949371,
        0.06183527836061659,
        0.06875698148494674,
        0.06171737237061773,
        0.05763892092023577,
        0.056709769273088094,
        0.0575753880568913,
        0.058129448462100254,
        0.05674417461525826,
        0.060124801290886744,
        0.05919445146833147,
        0.058940379843825386,
        0.055474470748787835,
        0.05783073925830069,
        0.05933850595780781,
        0.058289598578498476,
        0.05534395796770141,
        0.057774143136682964,
        0.05653144882690339,
        0.056727264482350576,
        0.05849618317115875,
        0.05522817726362319,
        0.05575664969427245,
        0.05866287511445227,
        0.06873017006970587,
        0.06355968032706351,
        0.060642072595301126,
        0.05493702184444382,
        0.05648565717680114,
        0.05988898199229013,
        0.05801490905100391,
        0.0580626032948494,
        0.05761067511354174,
        0.05672006492671512,
        0.05943181106732005,
        0.05934971815631503
    ],